,rf_impurity,lgbm_gain,lgbm_shap_white,lgbm_shap_asian,lgbm_shap_black,lgbm_shap_hispanic
eth_white,0.12338594553694406,0.07801658833064666,0.33078190165714383,0.04612672894063261,0.06345148946618273,0.07566533797424185
eth_asian,0.23137398150574479,0.1950188612372121,0.05245826984453457,0.48161732529633194,0.06305223663655385,0.06149994591537017
eth_black,0.03479770758121302,0.0429109864303088,0.04346647590902045,0.025370094214931558,0.3686417985842019,0.15809631392738535
eth_hispanic,0.0492242334175016,0.1305583712711937,0.09275518698435568,0.11601491060561257,0.046636933005437614,0.5412898678364456
eth_other_or_missing,0.00012278644565098346,0.0002526927314612861,5.158385812606632e-05,0.00045967182526629555,6.937404287923349e-05,0.0009654785088337693
sig_white,0.2536737858271268,0.21934558909622134,0.6508830713217382,0.046054941453715664,0.12040422131067476,0.06474643265005962
sig_asian,0.16841891410181156,0.08315122244965756,0.22170161941340885,0.4192127006892044,0.09709754039567971,0.031036562306571036
sig_black,0.10926770418900145,0.23234859487001247,0.046837193930506484,0.09031393925520964,0.610585362751895,0.07607838095971664
sig_hispanic,0.029734941395005668,0.01839709358328608,0.028459366281216123,0.03872585875876357,0.043121537394873045,0.26126449257734186
